"Surv","z","z1","Repr","Fec","SiteID","PlotID","Region","ID","NewPlot_13","NewPlot_14","Year"
0,22,NA,0,NA,"CALAPOOIA","CALAPOOIAP01","Beyond","tran_518",0,1,"2014to2015"
0,22,NA,1,1,"CALAPOOIA","CALAPOOIAP01","Beyond","tran_517",0,1,"2014to2015"
1,99,254,1,16,"CALAPOOIA","CALAPOOIAP04","Beyond","tran_510",0,1,"2014to2015"
1,202,669,1,31,"CALAPOOIA","CALAPOOIAP04","Beyond","tran_512",0,1,"2014to2015"
1,18,80,1,1,"CALAPOOIA","CALAPOOIAP04","Beyond","tran_513",0,1,"2014to2015"
1,71,65,1,7,"CALAPOOIA","CALAPOOIAP04","Beyond","tran_508",0,1,"2014to2015"
0,27,NA,1,3,"CALAPOOIA","CALAPOOIAP04","Beyond","tran_514",0,1,"2014to2015"
1,226,756,1,20,"CALAPOOIA","CALAPOOIAP04","Beyond","tran_511",0,1,"2014to2015"
1,183,228,1,28,"CALAPOOIA","CALAPOOIAP04","Beyond","tran_506",0,1,"2014to2015"
1,146,610,1,13,"CALAPOOIA","CALAPOOIAP04","Beyond","tran_507",0,1,"2014to2015"
0,35,NA,1,2,"CALAPOOIA","CALAPOOIAP05","Beyond","tran_499",0,1,"2014to2015"
0,35,NA,0,NA,"CALAPOOIA","CALAPOOIAP05","Beyond","tran_503",0,1,"2014to2015"
0,9,NA,0,NA,"CALAPOOIA","CALAPOOIAP05","Beyond","tran_498",0,1,"2014to2015"
0,57,NA,1,3,"CALAPOOIA","CALAPOOIAP06","Beyond","tran_487",0,1,"2014to2015"
0,277,NA,1,16,"CALAPOOIA","CALAPOOIAP06","Beyond","tran_494",0,1,"2014to2015"
0,175,NA,1,12,"CALAPOOIA","CALAPOOIAP06","Beyond","tran_495",0,1,"2014to2015"
0,108,NA,1,5,"CALAPOOIA","CALAPOOIAP06","Beyond","tran_490",0,1,"2014to2015"
1,98,41,0,NA,"CALAPOOIA","CALAPOOIAP07","Beyond","tran_478",0,1,"2014to2015"
1,16,7,0,NA,"CALAPOOIA","CALAPOOIAP07","Beyond","tran_484",0,1,"2014to2015"
1,5,3,0,NA,"CALAPOOIA","CALAPOOIAP07","Beyond","tran_476",0,1,"2014to2015"
1,48,100,0,NA,"CALAPOOIA","CALAPOOIAP07","Beyond","tran_479",0,1,"2014to2015"
0,29,NA,0,NA,"CALAPOOIA","CALAPOOIAP07","Beyond","tran_477",0,1,"2014to2015"
1,13,34,1,1,"CALAPOOIA","CALAPOOIAP07","Beyond","tran_482",0,1,"2014to2015"
0,4,NA,0,NA,"CALAPOOIA","CALAPOOIAP08","Beyond","tran_466",0,1,"2014to2015"
0,84,NA,1,2,"CALAPOOIA","CALAPOOIAP08","Beyond","tran_465",0,1,"2014to2015"
1,89,278,1,2,"CALAPOOIA","CALAPOOIAP08","Beyond","tran_469",0,1,"2014to2015"
0,13,NA,0,NA,"CALAPOOIA","CALAPOOIAP08","Beyond","tran_468",0,1,"2014to2015"
0,183,NA,1,28,"CALAPOOIA","CALAPOOIAP08","Beyond","tran_472",0,1,"2014to2015"
0,114,NA,1,8,"CALAPOOIA","CALAPOOIAP08","Beyond","tran_467",0,1,"2014to2015"
0,102,NA,1,30,"CALAPOOIA","CALAPOOIAP08","Beyond","tran_473",0,1,"2014to2015"
0,21,NA,0,NA,"CALAPOOIA","CALAPOOIAP08","Beyond","tran_464",0,1,"2014to2015"
0,14,NA,1,1,"CALAPOOIA","CALAPOOIAP08","Beyond","tran_471",0,1,"2014to2015"
1,85,21,1,6,"CALAPOOIA","CALAPOOIAP08","Beyond","tran_474",0,1,"2014to2015"
1,47,475,0,NA,"CALAPOOIA","CALAPOOIAP09","Beyond","tran_459",0,1,"2014to2015"
1,18,62,0,NA,"CALAPOOIA","CALAPOOIAP09","Beyond","tran_456",0,1,"2014to2015"
1,35,57,0,NA,"CALAPOOIA","CALAPOOIAP09","Beyond","tran_462",0,1,"2014to2015"
1,8,47,0,NA,"CALAPOOIA","CALAPOOIAP09","Beyond","tran_453",0,1,"2014to2015"
1,44,62,0,NA,"CALAPOOIA","CALAPOOIAP09","Beyond","tran_461",0,1,"2014to2015"
0,4,NA,0,NA,"CALAPOOIA","CALAPOOIAP09","Beyond","tran_458",0,1,"2014to2015"
0,5,NA,0,NA,"CALAPOOIA","CALAPOOIAP09","Beyond","tran_460",0,1,"2014to2015"
1,27,80,0,NA,"CALAPOOIA","CALAPOOIAP09","Beyond","tran_454",0,1,"2014to2015"
1,32,123,0,NA,"CALAPOOIA","CALAPOOIAP10","Beyond","tran_529",0,1,"2014to2015"
1,14,27,0,NA,"CALAPOOIA","CALAPOOIAP10","Beyond","tran_528",0,1,"2014to2015"
1,51,43,1,1,"CALAPOOIA","CALAPOOIAP10","Beyond","tran_532",0,1,"2014to2015"
1,16,16,0,NA,"CALAPOOIA","CALAPOOIAP10","Beyond","tran_530",0,1,"2014to2015"
0,11,NA,0,NA,"COAST","COASTP01","Within","tran_592",0,1,"2014to2015"
0,59,NA,1,1,"COAST","COASTP01","Within","tran_588",0,1,"2014to2015"
0,1,NA,0,NA,"COAST","COASTP02","Within","tran_581",0,1,"2014to2015"
0,1,NA,0,NA,"COAST","COASTP02","Within","tran_577",0,1,"2014to2015"
0,1,NA,0,NA,"COAST","COASTP02","Within","tran_579",0,1,"2014to2015"
0,1,NA,0,NA,"COAST","COASTP03","Within","tran_572",0,1,"2014to2015"
0,1,NA,0,NA,"COAST","COASTP03","Within","tran_573",0,1,"2014to2015"
0,1,NA,0,NA,"COAST","COASTP03","Within","tran_575",0,1,"2014to2015"
0,1,NA,0,NA,"COAST","COASTP04","Within","tran_549",0,1,"2014to2015"
0,1,NA,0,NA,"COAST","COASTP04","Within","tran_552",0,1,"2014to2015"
0,1,NA,0,NA,"COAST","COASTP04","Within","tran_550",0,1,"2014to2015"
0,1,NA,0,NA,"COAST","COASTP04","Within","tran_553",0,1,"2014to2015"
0,1,NA,0,NA,"COAST","COASTP05","Within","tran_539",0,1,"2014to2015"
0,1,NA,0,NA,"COAST","COASTP05","Within","tran_537",0,1,"2014to2015"
0,1,NA,0,NA,"COAST","COASTP05","Within","tran_542",0,1,"2014to2015"
0,1,NA,0,NA,"COAST","COASTP05","Within","tran_543",0,1,"2014to2015"
1,10,51,0,NA,"COAST","COASTP06","Within","tran_561",0,1,"2014to2015"
1,4,22,0,NA,"COAST","COASTP06","Within","tran_558",0,1,"2014to2015"
1,57,133,0,NA,"COAST","COASTP06","Within","tran_555",0,1,"2014to2015"
1,65,69,0,NA,"COAST","COASTP06","Within","tran_560",0,1,"2014to2015"
0,7,NA,0,NA,"COAST","COASTP06","Within","tran_556",0,1,"2014to2015"
1,18,10,0,NA,"COAST","COASTP06","Within","tran_559",0,1,"2014to2015"
1,9,90,0,NA,"COAST","COASTP06","Within","tran_565",0,1,"2014to2015"
0,48,NA,0,NA,"COAST","COASTP06","Within","tran_562",0,1,"2014to2015"
1,157,300,0,NA,"COAST","COASTP06","Within","tran_563",0,1,"2014to2015"
1,12,44,0,NA,"COAST","COASTP06","Within","tran_564",0,1,"2014to2015"
1,88,305,0,NA,"COAST","COASTP07","Within","tran_608",0,1,"2014to2015"
0,20,NA,0,NA,"COAST","COASTP07","Within","tran_598",0,1,"2014to2015"
1,50,100,0,NA,"COAST","COASTP07","Within","tran_602",0,1,"2014to2015"
0,7,NA,0,NA,"COAST","COASTP07","Within","tran_600",0,1,"2014to2015"
1,13,67,0,NA,"COAST","COASTP07","Within","tran_607",0,1,"2014to2015"
1,51,38,0,NA,"COAST","COASTP07","Within","tran_604",0,1,"2014to2015"
0,3,NA,0,NA,"COAST","COASTP07","Within","tran_603",0,1,"2014to2015"
1,15,66,0,NA,"COAST","COASTP07","Within","tran_599",0,1,"2014to2015"
1,82,53,1,1,"COAST","COASTP07","Within","tran_605",0,1,"2014to2015"
1,52,296,1,2,"COAST","COASTP07","Within","tran_601",0,1,"2014to2015"
1,537,1979,1,15,"COAST","COASTP08","Within","tran_673",0,1,"2014to2015"
1,58,426,0,NA,"COAST","COASTP08","Within","tran_671",0,1,"2014to2015"
1,23,297,0,NA,"COAST","COASTP08","Within","tran_667",0,1,"2014to2015"
1,179,261,0,NA,"COAST","COASTP08","Within","tran_669",0,1,"2014to2015"
1,48,149,0,NA,"COAST","COASTP08","Within","tran_668",0,1,"2014to2015"
1,89,532,0,NA,"COAST","COASTP08","Within","tran_674",0,1,"2014to2015"
1,74,244,0,NA,"COAST","COASTP08","Within","tran_675",0,1,"2014to2015"
1,319,643,1,7,"COAST","COASTP08","Within","tran_676",0,1,"2014to2015"
1,56,189,0,NA,"COAST","COASTP08","Within","tran_672",0,1,"2014to2015"
1,356,1256,1,4,"COAST","COASTP09","Within","tran_642",0,1,"2014to2015"
1,153,1103,1,4,"COAST","COASTP09","Within","tran_639",0,1,"2014to2015"
1,171,330,0,NA,"COAST","COASTP09","Within","tran_641",0,1,"2014to2015"
1,242,942,0,NA,"COAST","COASTP09","Within","tran_638",0,1,"2014to2015"
0,68,NA,0,NA,"COAST","COASTP09","Within","tran_646",0,1,"2014to2015"
0,189,NA,0,NA,"COAST","COASTP09","Within","tran_640",0,1,"2014to2015"
1,194,893,0,NA,"COAST","COASTP09","Within","tran_645",0,1,"2014to2015"
1,227,1375,0,NA,"COAST","COASTP09","Within","tran_644",0,1,"2014to2015"
1,63,72,0,NA,"COAST","COASTP09","Within","tran_643",0,1,"2014to2015"
1,355,891,0,NA,"COAST","COASTP09","Within","tran_648",0,1,"2014to2015"
1,281,1097,0,NA,"COAST","COASTP09","Within","tran_647",0,1,"2014to2015"
1,57,153,0,NA,"COAST","COASTP10","Within","tran_666",0,1,"2014to2015"
1,84,104,0,NA,"COAST","COASTP10","Within","tran_663",0,1,"2014to2015"
1,16,117,0,NA,"COAST","COASTP10","Within","tran_661",0,1,"2014to2015"
0,55,NA,0,NA,"COAST","COASTP10","Within","tran_658",0,1,"2014to2015"
0,50,NA,0,NA,"COAST","COASTP10","Within","tran_657",0,1,"2014to2015"
0,5,NA,0,NA,"COAST","COASTP10","Within","tran_660",0,1,"2014to2015"
1,98,800,0,NA,"COAST","COASTP10","Within","tran_659",0,1,"2014to2015"
1,138,510,0,NA,"COAST","COASTP10","Within","tran_665",0,1,"2014to2015"
1,13,59,0,NA,"COAST","COASTP10","Within","tran_656",0,1,"2014to2015"
1,162,751,0,NA,"COAST","COASTP10","Within","tran_664",0,1,"2014to2015"
0,60,NA,0,NA,"COAST","COASTP10","Within","tran_662",0,1,"2014to2015"
1,65,32,1,1,"COAST","COASTP11","Within","tran_609",0,1,"2014to2015"
0,15,NA,0,NA,"COAST","COASTP11","Within","tran_610",0,1,"2014to2015"
0,50,NA,1,1,"COAST","COASTP11","Within","tran_611",0,1,"2014to2015"
0,40,NA,1,4,"COAST","COASTP11","Within","tran_612",0,1,"2014to2015"
0,22,NA,0,NA,"COAST","COASTP13","Within","tran_651",0,1,"2014to2015"
0,44,NA,0,NA,"COAST","COASTP13","Within","tran_654",0,1,"2014to2015"
0,47,NA,0,NA,"COAST","COASTP13","Within","tran_649",0,1,"2014to2015"
0,39,NA,1,1,"COAST","COASTP13","Within","tran_655",0,1,"2014to2015"
1,50,217,0,NA,"COAST","COASTP13","Within","tran_650",0,1,"2014to2015"
1,23,10,0,NA,"COAST","COASTP13","Within","tran_652",0,1,"2014to2015"
0,9,NA,0,NA,"COAST","COASTP13","Within","tran_653",0,1,"2014to2015"
1,115,23,0,NA,"COAST","COASTP14","Within","tran_628",0,1,"2014to2015"
0,25,NA,0,NA,"COAST","COASTP14","Within","tran_630",0,1,"2014to2015"
0,2,NA,0,NA,"COAST","COASTP14","Within","tran_627",0,1,"2014to2015"
0,55,NA,0,NA,"COAST","COASTP14","Within","tran_626",0,1,"2014to2015"
0,100,NA,0,NA,"COAST","COASTP14","Within","tran_632",0,1,"2014to2015"
0,72,NA,1,5,"COAST","COASTP14","Within","tran_633",0,1,"2014to2015"
0,57,NA,0,NA,"COAST","COASTP14","Within","tran_631",0,1,"2014to2015"
0,63,NA,0,NA,"COAST","COASTP14","Within","tran_629",0,1,"2014to2015"
1,92,31,1,2,"COAST","COASTP15","Within","tran_678",0,1,"2014to2015"
1,105,101,0,NA,"COAST","COASTP15","Within","tran_682",0,1,"2014to2015"
0,69,NA,0,NA,"COAST","COASTP15","Within","tran_677",0,1,"2014to2015"
0,46,NA,0,NA,"COAST","COASTP15","Within","tran_679",0,1,"2014to2015"
1,106,111,0,NA,"COAST","COASTP15","Within","tran_680",0,1,"2014to2015"
1,131,613,0,NA,"COAST","COASTP15","Within","tran_681",0,1,"2014to2015"
1,15,154,0,NA,"HUNTER","HUNTERP02","Beyond","tran_244",0,1,"2014to2015"
1,128,132,1,1,"HUNTER","HUNTERP02","Beyond","tran_248",0,1,"2014to2015"
0,80,NA,0,NA,"HUNTER","HUNTERP02","Beyond","tran_255",0,1,"2014to2015"
0,17,NA,0,NA,"HUNTER","HUNTERP02","Beyond","tran_251",0,1,"2014to2015"
0,47,NA,0,NA,"HUNTER","HUNTERP02","Beyond","tran_243",0,1,"2014to2015"
0,17,NA,0,NA,"HUNTER","HUNTERP02","Beyond","tran_247",0,1,"2014to2015"
0,95,NA,0,NA,"HUNTER","HUNTERP02","Beyond","tran_249",0,1,"2014to2015"
0,283,NA,1,2,"HUNTER","HUNTERP02","Beyond","tran_245",0,1,"2014to2015"
1,69,6,0,NA,"HUNTER","HUNTERP02","Beyond","tran_252",0,1,"2014to2015"
0,67,NA,0,NA,"HUNTER","HUNTERP03","Beyond","tran_265",0,1,"2014to2015"
0,53,NA,0,NA,"HUNTER","HUNTERP03","Beyond","tran_267",0,1,"2014to2015"
0,6,NA,0,NA,"HUNTER","HUNTERP03","Beyond","tran_259",0,1,"2014to2015"
1,313,8,1,2,"HUNTER","HUNTERP03","Beyond","tran_256",0,1,"2014to2015"
0,42,NA,0,NA,"HUNTER","HUNTERP03","Beyond","tran_257",0,1,"2014to2015"
0,50,NA,0,NA,"HUNTER","HUNTERP03","Beyond","tran_258",0,1,"2014to2015"
0,10,NA,0,NA,"HUNTER","HUNTERP03","Beyond","tran_262",0,1,"2014to2015"
1,26,3,0,NA,"HUNTER","HUNTERP03","Beyond","tran_260",0,1,"2014to2015"
0,20,NA,0,NA,"HUNTER","HUNTERP04","Beyond","tran_231",0,1,"2014to2015"
1,185,4,0,NA,"HUNTER","HUNTERP04","Beyond","tran_240",0,1,"2014to2015"
1,161,274,1,4,"HUNTER","HUNTERP04","Beyond","tran_234",0,1,"2014to2015"
1,22,79,0,NA,"HUNTER","HUNTERP04","Beyond","tran_233",0,1,"2014to2015"
0,56,NA,0,NA,"HUNTER","HUNTERP04","Beyond","tran_241",0,1,"2014to2015"
0,84,NA,1,1,"HUNTER","HUNTERP04","Beyond","tran_237",0,1,"2014to2015"
1,111,13,0,NA,"HUNTER","HUNTERP04","Beyond","tran_230",0,1,"2014to2015"
1,145,27,1,5,"HUNTER","HUNTERP04","Beyond","tran_232",0,1,"2014to2015"
0,9,NA,0,NA,"HUNTER","HUNTERP04","Beyond","tran_235",0,1,"2014to2015"
0,541,NA,1,52,"HUNTER","HUNTERP04","Beyond","tran_236",0,1,"2014to2015"
0,7,NA,0,NA,"HUNTER","HUNTERP05","Beyond","tran_182",0,1,"2014to2015"
0,9,NA,0,NA,"HUNTER","HUNTERP05","Beyond","tran_181",0,1,"2014to2015"
1,38,7,0,NA,"HUNTER","HUNTERP05","Beyond","tran_186",0,1,"2014to2015"
0,38,NA,1,2,"HUNTER","HUNTERP07","Beyond","tran_281",0,1,"2014to2015"
0,9,NA,0,NA,"HUNTER","HUNTERP10","Beyond","tran_157",0,1,"2014to2015"
0,25,NA,0,NA,"HUNTER","HUNTERP10","Beyond","tran_158",0,1,"2014to2015"
0,37,NA,1,1,"HUNTER","HUNTERP10","Beyond","tran_160",0,1,"2014to2015"
0,11,NA,0,NA,"HUNTER","HUNTERP10","Beyond","tran_166",0,1,"2014to2015"
0,4,NA,0,NA,"HUNTER","HUNTERP10","Beyond","tran_162",0,1,"2014to2015"
0,19,NA,0,NA,"HUNTER","HUNTERP10","Beyond","tran_161",0,1,"2014to2015"
0,12,NA,0,NA,"HUNTER","HUNTERP11","Beyond","tran_149",0,1,"2014to2015"
1,115,532,1,7,"HUNTER","HUNTERP12","Beyond","tran_129",0,1,"2014to2015"
0,97,NA,0,NA,"HUNTER","HUNTERP13","Beyond","tran_192",0,1,"2014to2015"
0,8,NA,0,NA,"HUNTER","HUNTERP13","Beyond","tran_202",0,1,"2014to2015"
0,29,NA,1,1,"HUNTER","HUNTERP13","Beyond","tran_207",0,1,"2014to2015"
0,14,NA,0,NA,"HUNTER","HUNTERP13","Beyond","tran_195",0,1,"2014to2015"
0,55,NA,1,3,"HUNTER","HUNTERP13","Beyond","tran_191",0,1,"2014to2015"
0,47,NA,0,NA,"HUNTER","HUNTERP13","Beyond","tran_209",0,1,"2014to2015"
0,67,NA,0,NA,"HUNTER","HUNTERP13","Beyond","tran_190",0,1,"2014to2015"
0,22,NA,0,NA,"HUNTER","HUNTERP13","Beyond","tran_201",0,1,"2014to2015"
0,55,NA,0,NA,"HUNTER","HUNTERP13","Beyond","tran_198",0,1,"2014to2015"
0,16,NA,0,NA,"HUNTER","HUNTERP13","Beyond","tran_200",0,1,"2014to2015"
1,64,8,1,3,"HUNTER","HUNTERP13","Beyond","tran_193",0,1,"2014to2015"
1,111,9,1,1,"HUNTER","HUNTERP13","Beyond","tran_194",0,1,"2014to2015"
1,89,6,1,1,"HUNTER","HUNTERP13","Beyond","tran_205",0,1,"2014to2015"
0,38,NA,0,NA,"HUNTER","HUNTERP13","Beyond","tran_196",0,1,"2014to2015"
0,19,NA,0,NA,"HUNTER","HUNTERP13","Beyond","tran_197",0,1,"2014to2015"
0,11,NA,0,NA,"HUNTER","HUNTERP13","Beyond","tran_203",0,1,"2014to2015"
0,5,NA,0,NA,"HUNTER","HUNTERP13","Beyond","tran_204",0,1,"2014to2015"
0,13,NA,0,NA,"HUNTER","HUNTERP13","Beyond","tran_199",0,1,"2014to2015"
0,87,NA,1,1,"HUNTER","HUNTERP13","Beyond","tran_208",0,1,"2014to2015"
1,39,4,0,NA,"HUNTER","HUNTERP13","Beyond","tran_206",0,1,"2014to2015"
0,2,NA,0,NA,"LOOK","LOOKP02","Within","tran_951",0,1,"2014to2015"
0,3,NA,0,NA,"LOOK","LOOKP02","Within","tran_950",0,1,"2014to2015"
0,11,NA,0,NA,"LOOK","LOOKP03","Within","tran_923",0,1,"2014to2015"
0,2,NA,0,NA,"LOOK","LOOKP03","Within","tran_930",0,1,"2014to2015"
0,33,NA,0,NA,"LOOK","LOOKP03","Within","tran_925",0,1,"2014to2015"
0,32,NA,0,NA,"LOOK","LOOKP03","Within","tran_921",0,1,"2014to2015"
0,49,NA,0,NA,"LOOK","LOOKP03","Within","tran_922",0,1,"2014to2015"
0,3,NA,0,NA,"LOOK","LOOKP03","Within","tran_929",0,1,"2014to2015"
0,8,NA,0,NA,"LOOK","LOOKP03","Within","tran_926",0,1,"2014to2015"
0,23,NA,0,NA,"LOOK","LOOKP03","Within","tran_931",0,1,"2014to2015"
0,10,NA,0,NA,"LOOK","LOOKP04","Within","tran_911",0,1,"2014to2015"
0,8,NA,0,NA,"LOOK","LOOKP04","Within","tran_915",0,1,"2014to2015"
1,32,24,0,NA,"LOOK","LOOKP04","Within","tran_919",0,1,"2014to2015"
0,23,NA,0,NA,"LOOK","LOOKP04","Within","tran_912",0,1,"2014to2015"
0,8,NA,0,NA,"LOOK","LOOKP04","Within","tran_910",0,1,"2014to2015"
0,14,NA,0,NA,"LOOK","LOOKP04","Within","tran_913",0,1,"2014to2015"
0,6,NA,0,NA,"LOOK","LOOKP04","Within","tran_914",0,1,"2014to2015"
1,86,6,0,NA,"LOOK","LOOKP04","Within","tran_916",0,1,"2014to2015"
0,16,NA,0,NA,"LOOK","LOOKP04","Within","tran_917",0,1,"2014to2015"
0,6,NA,0,NA,"LOOK","LOOKP04","Within","tran_918",0,1,"2014to2015"
0,8,NA,0,NA,"LOOK","LOOKP04","Within","tran_920",0,1,"2014to2015"
0,4,NA,0,NA,"LOOK","LOOKP05","Within","tran_900",0,1,"2014to2015"
0,18,NA,0,NA,"LOOK","LOOKP05","Within","tran_907",0,1,"2014to2015"
0,13,NA,0,NA,"LOOK","LOOKP05","Within","tran_905",0,1,"2014to2015"
0,12,NA,0,NA,"LOOK","LOOKP05","Within","tran_902",0,1,"2014to2015"
0,31,NA,0,NA,"LOOK","LOOKP05","Within","tran_903",0,1,"2014to2015"
0,24,NA,0,NA,"LOOK","LOOKP05","Within","tran_906",0,1,"2014to2015"
0,24,NA,0,NA,"LOOK","LOOKP05","Within","tran_904",0,1,"2014to2015"
0,10,NA,0,NA,"LOOK","LOOKP05","Within","tran_899",0,1,"2014to2015"
0,7,NA,0,NA,"LOOK","LOOKP05","Within","tran_908",0,1,"2014to2015"
0,9,NA,0,NA,"LOOK","LOOKP05","Within","tran_909",0,1,"2014to2015"
0,34,NA,0,NA,"LOOK","LOOKP06","Within","tran_879",0,1,"2014to2015"
1,16,9,0,NA,"LOOK","LOOKP06","Within","tran_886",0,1,"2014to2015"
0,29,NA,0,NA,"LOOK","LOOKP06","Within","tran_882",0,1,"2014to2015"
0,74,NA,0,NA,"LOOK","LOOKP06","Within","tran_880",0,1,"2014to2015"
0,24,NA,0,NA,"LOOK","LOOKP06","Within","tran_881",0,1,"2014to2015"
0,119,NA,0,NA,"LOOK","LOOKP06","Within","tran_884",0,1,"2014to2015"
0,13,NA,0,NA,"LOOK","LOOKP06","Within","tran_883",0,1,"2014to2015"
1,102,41,0,NA,"LOOK","LOOKP06","Within","tran_887",0,1,"2014to2015"
0,60,NA,0,NA,"LOOK","LOOKP06","Within","tran_885",0,1,"2014to2015"
0,44,NA,0,NA,"LOOK","LOOKP07","Within","tran_895",0,1,"2014to2015"
0,78,NA,0,NA,"LOOK","LOOKP07","Within","tran_892",0,1,"2014to2015"
0,28,NA,0,NA,"LOOK","LOOKP07","Within","tran_896",0,1,"2014to2015"
0,18,NA,0,NA,"LOOK","LOOKP07","Within","tran_894",0,1,"2014to2015"
0,12,NA,0,NA,"LOOK","LOOKP07","Within","tran_898",0,1,"2014to2015"
1,29,15,0,NA,"LOOK","LOOKP08","Within","tran_862",0,1,"2014to2015"
0,35,NA,0,NA,"LOOK","LOOKP08","Within","tran_866",0,1,"2014to2015"
1,29,103,0,NA,"LOOK","LOOKP08","Within","tran_863",0,1,"2014to2015"
0,34,NA,0,NA,"LOOK","LOOKP08","Within","tran_865",0,1,"2014to2015"
1,132,252,0,NA,"LOOK","LOOKP08","Within","tran_864",0,1,"2014to2015"
0,80,NA,0,NA,"LOOK","LOOKP09","Within","tran_871",0,1,"2014to2015"
0,12,NA,0,NA,"LOOK","LOOKP09","Within","tran_867",0,1,"2014to2015"
0,13,NA,0,NA,"LOOK","LOOKP09","Within","tran_868",0,1,"2014to2015"
0,23,NA,0,NA,"LOOK","LOOKP09","Within","tran_873",0,1,"2014to2015"
0,29,NA,0,NA,"LOOK","LOOKP09","Within","tran_877",0,1,"2014to2015"
0,25,NA,0,NA,"LOOK","LOOKP09","Within","tran_872",0,1,"2014to2015"
0,50,NA,0,NA,"LOOK","LOOKP09","Within","tran_874",0,1,"2014to2015"
1,21,170,0,NA,"LOOK","LOOKP10","Within","tran_851",0,1,"2014to2015"
1,16,45,0,NA,"LOOK","LOOKP10","Within","tran_858",0,1,"2014to2015"
1,130,115,1,5,"LOOK","LOOKP10","Within","tran_857",0,1,"2014to2015"
1,19,48,1,1,"LOOK","LOOKP10","Within","tran_855",0,1,"2014to2015"
1,58,68,0,NA,"LOOK","LOOKP10","Within","tran_860",0,1,"2014to2015"
0,61,NA,0,NA,"LOOK","LOOKP10","Within","tran_854",0,1,"2014to2015"
1,39,49,0,NA,"LOOK","LOOKP10","Within","tran_861",0,1,"2014to2015"
1,187,62,0,NA,"LOOK","LOOKP10","Within","tran_850",0,1,"2014to2015"
1,30,187,0,NA,"LOOK","LOOKP10","Within","tran_856",0,1,"2014to2015"
1,85,132,0,NA,"LOOK","LOOKP10","Within","tran_859",0,1,"2014to2015"
0,15,NA,0,NA,"LOOK","LOOKP11","Within","tran_842",0,1,"2014to2015"
0,6,NA,0,NA,"LOOK","LOOKP11","Within","tran_838",0,1,"2014to2015"
0,12,NA,0,NA,"LOOK","LOOKP11","Within","tran_841",0,1,"2014to2015"
0,1,NA,0,NA,"LOOK","LOOKP12","Within","tran_844",0,1,"2014to2015"
0,16,NA,0,NA,"LOOK","LOOKP12","Within","tran_846",0,1,"2014to2015"
0,75,NA,0,NA,"LOOK","LOOKP12","Within","tran_843",0,1,"2014to2015"
0,40,NA,0,NA,"LOOK","LOOKP12","Within","tran_848",0,1,"2014to2015"
0,111,NA,1,18,"MOSBY","MOSBYP01","Within","tran_833",0,1,"2014to2015"
0,8,NA,0,NA,"MOSBY","MOSBYP01","Within","tran_831",0,1,"2014to2015"
0,74,NA,1,5,"MOSBY","MOSBYP01","Within","tran_829",0,1,"2014to2015"
0,47,NA,0,NA,"MOSBY","MOSBYP02","Within","tran_823",0,1,"2014to2015"
0,10,NA,0,NA,"MOSBY","MOSBYP02","Within","tran_828",0,1,"2014to2015"
1,212,330,1,7,"MOSBY","MOSBYP02","Within","tran_820",0,1,"2014to2015"
0,7,NA,0,NA,"MOSBY","MOSBYP02","Within","tran_826",0,1,"2014to2015"
0,33,NA,0,NA,"MOSBY","MOSBYP03","Within","tran_818",0,1,"2014to2015"
0,71,NA,1,6,"MOSBY","MOSBYP03","Within","tran_814",0,1,"2014to2015"
1,53,7,0,NA,"MOSBY","MOSBYP03","Within","tran_811",0,1,"2014to2015"
0,10,NA,0,NA,"MOSBY","MOSBYP03","Within","tran_817",0,1,"2014to2015"
0,48,NA,1,1,"MOSBY","MOSBYP04","Within","tran_802",0,1,"2014to2015"
0,4,NA,0,NA,"MOSBY","MOSBYP04","Within","tran_799",0,1,"2014to2015"
1,67,56,1,3,"MOSBY","MOSBYP05","Within","tran_796",0,1,"2014to2015"
1,7,45,0,NA,"MOSBY","MOSBYP05","Within","tran_791",0,1,"2014to2015"
1,87,139,1,5,"MOSBY","MOSBYP05","Within","tran_792",0,1,"2014to2015"
0,34,NA,0,NA,"MOSBY","MOSBYP05","Within","tran_786",0,1,"2014to2015"
0,12,NA,0,NA,"MOSBY","MOSBYP06","Within","tran_692",0,1,"2014to2015"
1,7,41,0,NA,"MOSBY","MOSBYP06","Within","tran_689",0,1,"2014to2015"
1,49,22,0,NA,"MOSBY","MOSBYP06","Within","tran_693",0,1,"2014to2015"
0,42,NA,0,NA,"MOSBY","MOSBYP06","Within","tran_690",0,1,"2014to2015"
1,138,83,1,2,"MOSBY","MOSBYP06","Within","tran_694",0,1,"2014to2015"
1,78,475,1,3,"MOSBY","MOSBYP06","Within","tran_687",0,1,"2014to2015"
0,12,NA,0,NA,"MOSBY","MOSBYP06","Within","tran_683",0,1,"2014to2015"
0,73,NA,0,NA,"MOSBY","MOSBYP07","Within","tran_703",0,1,"2014to2015"
1,115,352,0,NA,"MOSBY","MOSBYP07","Within","tran_700",0,1,"2014to2015"
0,18,NA,0,NA,"MOSBY","MOSBYP07","Within","tran_704",0,1,"2014to2015"
0,13,NA,0,NA,"MOSBY","MOSBYP07","Within","tran_705",0,1,"2014to2015"
0,20,NA,0,NA,"MOSBY","MOSBYP08","Within","tran_710",0,1,"2014to2015"
0,13,NA,0,NA,"MOSBY","MOSBYP08","Within","tran_712",0,1,"2014to2015"
0,47,NA,0,NA,"MOSBY","MOSBYP08","Within","tran_713",0,1,"2014to2015"
0,22,NA,0,NA,"MOSBY","MOSBYP08","Within","tran_707",0,1,"2014to2015"
0,20,NA,1,2,"MOSBY","MOSBYP09","Within","tran_737",0,1,"2014to2015"
0,15,NA,0,NA,"MOSBY","MOSBYP09","Within","tran_732",0,1,"2014to2015"
0,163,NA,0,NA,"MOSBY","MOSBYP09","Within","tran_729",0,1,"2014to2015"
0,10,NA,0,NA,"MOSBY","MOSBYP09","Within","tran_735",0,1,"2014to2015"
0,73,NA,0,NA,"MOSBY","MOSBYP09","Within","tran_736",0,1,"2014to2015"
0,6,NA,0,NA,"MOSBY","MOSBYP10","Within","tran_720",0,1,"2014to2015"
0,114,NA,1,1,"MOSBY","MOSBYP10","Within","tran_726",0,1,"2014to2015"
0,6,NA,0,NA,"MOSBY","MOSBYP10","Within","tran_723",0,1,"2014to2015"
1,50,46,1,8,"MOSBY","MOSBYP10","Within","tran_718",0,1,"2014to2015"
0,21,NA,1,1,"MOSBY","MOSBYP11","Within","tran_781",0,1,"2014to2015"
0,9,NA,0,NA,"MOSBY","MOSBYP11","Within","tran_783",0,1,"2014to2015"
1,86,74,1,6,"MOSBY","MOSBYP11","Within","tran_779",0,1,"2014to2015"
0,26,NA,0,NA,"MOSBY","MOSBYP11","Within","tran_776",0,1,"2014to2015"
0,7,NA,0,NA,"MOSBY","MOSBYP11","Within","tran_784",0,1,"2014to2015"
0,57,NA,1,1,"MOSBY","MOSBYP11","Within","tran_778",0,1,"2014to2015"
0,10,NA,0,NA,"MOSBY","MOSBYP11","Within","tran_782",0,1,"2014to2015"
0,13,NA,0,NA,"MOSBY","MOSBYP11","Within","tran_775",0,1,"2014to2015"
0,30,NA,0,NA,"MOSBY","MOSBYP11","Within","tran_774",0,1,"2014to2015"
1,37,21,0,NA,"MOSBY","MOSBYP11","Within","tran_773",0,1,"2014to2015"
1,28,49,0,NA,"MOSBY","MOSBYP11","Within","tran_777",0,1,"2014to2015"
0,13,NA,0,NA,"MOSBY","MOSBYP12","Within","tran_766",0,1,"2014to2015"
0,14,NA,0,NA,"MOSBY","MOSBYP12","Within","tran_765",0,1,"2014to2015"
0,12,NA,0,NA,"MOSBY","MOSBYP12","Within","tran_769",0,1,"2014to2015"
0,42,NA,0,NA,"MOSBY","MOSBYP12","Within","tran_763",0,1,"2014to2015"
0,190,NA,1,21,"MOSBY","MOSBYP12","Within","tran_768",0,1,"2014to2015"
0,12,NA,0,NA,"MOSBY","MOSBYP12","Within","tran_770",0,1,"2014to2015"
0,66,NA,1,1,"MOSBY","MOSBYP12","Within","tran_762",0,1,"2014to2015"
1,9,10,1,2,"MOSBY","MOSBYP13","Within","tran_758",0,1,"2014to2015"
1,129,133,1,12,"MOSBY","MOSBYP13","Within","tran_761",0,1,"2014to2015"
1,66,153,1,3,"MOSBY","MOSBYP13","Within","tran_760",0,1,"2014to2015"
1,15,71,0,NA,"MOSBY","MOSBYP13","Within","tran_755",0,1,"2014to2015"
1,38,103,1,7,"MOSBY","MOSBYP13","Within","tran_759",0,1,"2014to2015"
1,14,38,0,NA,"MOSBY","MOSBYP14","Within","tran_744",0,1,"2014to2015"
0,29,NA,0,NA,"MOSBY","MOSBYP14","Within","tran_745",0,1,"2014to2015"
1,25,93,0,NA,"MOSBY","MOSBYP14","Within","tran_747",0,1,"2014to2015"
1,5,24,0,NA,"MOSBY","MOSBYP14","Within","tran_743",0,1,"2014to2015"
1,65,237,1,1,"MOSBY","MOSBYP14","Within","tran_746",0,1,"2014to2015"
0,68,NA,0,NA,"ROCK","ROCKP01","Within","tran_982",0,1,"2014to2015"
1,96,22,1,5,"ROCK","ROCKP01","Within","tran_980",0,1,"2014to2015"
1,104,136,1,1,"ROCK","ROCKP01","Within","tran_981",0,1,"2014to2015"
0,43,NA,0,NA,"ROCK","ROCKP01","Within","tran_983",0,1,"2014to2015"
0,48,NA,0,NA,"ROCK","ROCKP01","Within","tran_977",0,1,"2014to2015"
0,69,NA,0,NA,"ROCK","ROCKP02","Within","tran_965",0,1,"2014to2015"
1,20,17,0,NA,"ROCK","ROCKP02","Within","tran_966",0,1,"2014to2015"
1,59,40,0,NA,"ROCK","ROCKP02","Within","tran_968",0,1,"2014to2015"
1,111,18,1,3,"ROCK","ROCKP02","Within","tran_973",0,1,"2014to2015"
1,68,12,0,NA,"ROCK","ROCKP02","Within","tran_967",0,1,"2014to2015"
0,4,NA,0,NA,"ROCK","ROCKP02","Within","tran_964",0,1,"2014to2015"
0,41,NA,0,NA,"ROCK","ROCKP02","Within","tran_970",0,1,"2014to2015"
0,40,NA,0,NA,"ROCK","ROCKP02","Within","tran_971",0,1,"2014to2015"
0,18,NA,0,NA,"ROCK","ROCKP03","Within","tran_987",0,1,"2014to2015"
0,135,NA,1,4,"ROCK","ROCKP03","Within","tran_990",0,1,"2014to2015"
1,148,32,1,4,"ROCK","ROCKP03","Within","tran_991",0,1,"2014to2015"
0,38,NA,1,2,"ROCK","ROCKP03","Within","tran_989",0,1,"2014to2015"
1,89,166,1,7,"ROCK","ROCKP03","Within","tran_994",0,1,"2014to2015"
0,9,NA,0,NA,"ROCK","ROCKP03","Within","tran_995",0,1,"2014to2015"
0,68,NA,1,22,"ROCK","ROCKP03","Within","tran_992",0,1,"2014to2015"
0,289,NA,1,13,"ROCK","ROCKP03","Within","tran_985",0,1,"2014to2015"
1,22,30,0,NA,"ROCK","ROCKP04","Within","tran_960",0,1,"2014to2015"
1,23,16,0,NA,"ROCK","ROCKP04","Within","tran_962",0,1,"2014to2015"
1,64,16,0,NA,"ROCK","ROCKP04","Within","tran_956",0,1,"2014to2015"
1,81,34,1,2,"ROCK","ROCKP04","Within","tran_961",0,1,"2014to2015"
1,34,25,0,NA,"ROCK","ROCKP04","Within","tran_953",0,1,"2014to2015"
1,90,21,1,2,"ROCK","ROCKP04","Within","tran_957",0,1,"2014to2015"
0,69,NA,1,1,"ROCK","ROCKP05","Within","tran_1003",0,1,"2014to2015"
0,14,NA,0,NA,"ROCK","ROCKP05","Within","tran_998",0,1,"2014to2015"
0,86,NA,0,NA,"ROCK","ROCKP05","Within","tran_999",0,1,"2014to2015"
0,31,NA,0,NA,"ROCK","ROCKP05","Within","tran_1002",0,1,"2014to2015"
0,16,NA,0,NA,"ROCK","ROCKP05","Within","tran_997",0,1,"2014to2015"
0,66,NA,0,NA,"ROCK","ROCKP05","Within","tran_1004",0,1,"2014to2015"
0,74,NA,0,NA,"ROCK","ROCKP05","Within","tran_1005",0,1,"2014to2015"
0,166,NA,0,NA,"ROCK","ROCKP06","Within","tran_1028",0,1,"2014to2015"
0,24,NA,0,NA,"ROCK","ROCKP06","Within","tran_1022",0,1,"2014to2015"
0,57,NA,0,NA,"ROCK","ROCKP06","Within","tran_1024",0,1,"2014to2015"
0,6,NA,0,NA,"ROCK","ROCKP06","Within","tran_1020",0,1,"2014to2015"
0,6,NA,0,NA,"ROCK","ROCKP06","Within","tran_1018",0,1,"2014to2015"
0,9,NA,0,NA,"ROCK","ROCKP06","Within","tran_1026",0,1,"2014to2015"
0,63,NA,0,NA,"ROCK","ROCKP06","Within","tran_1027",0,1,"2014to2015"
1,124,23,1,7,"ROCK","ROCKP07","Within","tran_1010",0,1,"2014to2015"
0,12,NA,0,NA,"ROCK","ROCKP07","Within","tran_1017",0,1,"2014to2015"
0,37,NA,0,NA,"ROCK","ROCKP07","Within","tran_1007",0,1,"2014to2015"
0,54,NA,0,NA,"ROCK","ROCKP07","Within","tran_1008",0,1,"2014to2015"
1,72,36,0,NA,"ROCK","ROCKP07","Within","tran_1012",0,1,"2014to2015"
0,32,NA,0,NA,"ROCK","ROCKP07","Within","tran_1011",0,1,"2014to2015"
0,34,NA,0,NA,"ROCK","ROCKP08","Within","tran_1107",0,1,"2014to2015"
0,98,NA,0,NA,"ROCK","ROCKP08","Within","tran_1106",0,1,"2014to2015"
0,33,NA,0,NA,"ROCK","ROCKP08","Within","tran_1109",0,1,"2014to2015"
1,186,36,0,NA,"ROCK","ROCKP08","Within","tran_1102",0,1,"2014to2015"
0,56,NA,0,NA,"ROCK","ROCKP08","Within","tran_1110",0,1,"2014to2015"
0,69,NA,0,NA,"ROCK","ROCKP08","Within","tran_1108",0,1,"2014to2015"
0,58,NA,0,NA,"ROCK","ROCKP09","Within","tran_1032",0,1,"2014to2015"
0,29,NA,0,NA,"ROCK","ROCKP09","Within","tran_1039",0,1,"2014to2015"
0,2,NA,0,NA,"ROCK","ROCKP09","Within","tran_1030",0,1,"2014to2015"
0,19,NA,0,NA,"ROCK","ROCKP09","Within","tran_1033",0,1,"2014to2015"
1,236,52,0,NA,"ROCK","ROCKP09","Within","tran_1038",0,1,"2014to2015"
0,25,NA,0,NA,"ROCK","ROCKP09","Within","tran_1034",0,1,"2014to2015"
0,46,NA,0,NA,"ROCK","ROCKP09","Within","tran_1031",0,1,"2014to2015"
0,27,NA,0,NA,"ROCK","ROCKP09","Within","tran_1035",0,1,"2014to2015"
0,7,NA,0,NA,"ROCK","ROCKP09","Within","tran_1029",0,1,"2014to2015"
1,111,18,0,NA,"ROCK","ROCKP09","Within","tran_1036",0,1,"2014to2015"
0,74,NA,0,NA,"ROCK","ROCKP09","Within","tran_1037",0,1,"2014to2015"
1,120,39,1,6,"ROCK","ROCKP10","Within","tran_1041",0,1,"2014to2015"
1,105,388,1,7,"ROCK","ROCKP11","Within","tran_1096",0,1,"2014to2015"
1,196,585,1,4,"ROCK","ROCKP11","Within","tran_1092",0,1,"2014to2015"
0,58,NA,1,1,"ROCK","ROCKP11","Within","tran_1093",0,1,"2014to2015"
0,16,NA,0,NA,"ROCK","ROCKP11","Within","tran_1091",0,1,"2014to2015"
0,122,NA,0,NA,"ROCK","ROCKP11","Within","tran_1097",0,1,"2014to2015"
0,13,NA,0,NA,"ROCK","ROCKP11","Within","tran_1095",0,1,"2014to2015"
0,58,NA,1,2,"ROCK","ROCKP11","Within","tran_1100",0,1,"2014to2015"
0,90,NA,0,NA,"ROCK","ROCKP12","Within","tran_1082",0,1,"2014to2015"
0,17,NA,0,NA,"ROCK","ROCKP12","Within","tran_1085",0,1,"2014to2015"
0,179,NA,1,3,"ROCK","ROCKP12","Within","tran_1089",0,1,"2014to2015"
0,59,NA,0,NA,"ROCK","ROCKP12","Within","tran_1088",0,1,"2014to2015"
0,15,NA,0,NA,"ROCK","ROCKP13","Within","tran_1070",0,1,"2014to2015"
1,24,80,0,NA,"ROCK","ROCKP13","Within","tran_1079",0,1,"2014to2015"
1,44,153,0,NA,"ROCK","ROCKP13","Within","tran_1072",0,1,"2014to2015"
1,71,35,1,1,"ROCK","ROCKP13","Within","tran_1076",0,1,"2014to2015"
1,14,242,0,NA,"ROCK","ROCKP13","Within","tran_1074",0,1,"2014to2015"
1,183,675,0,NA,"ROCK","ROCKP13","Within","tran_1078",0,1,"2014to2015"
0,78,NA,0,NA,"ROCK","ROCKP13","Within","tran_1075",0,1,"2014to2015"
0,14,NA,0,NA,"ROCK","ROCKP14","Within","tran_1060",0,1,"2014to2015"
0,8,NA,0,NA,"ROCK","ROCKP14","Within","tran_1067",0,1,"2014to2015"
0,149,NA,0,NA,"ROCK","ROCKP14","Within","tran_1065",0,1,"2014to2015"
0,5,NA,0,NA,"ROCK","ROCKP14","Within","tran_1068",0,1,"2014to2015"
1,82,124,0,NA,"ROCK","ROCKP14","Within","tran_1064",0,1,"2014to2015"
1,53,129,0,NA,"ROCK","ROCKP14","Within","tran_1063",0,1,"2014to2015"
1,44,18,0,NA,"ROCK","ROCKP14","Within","tran_1066",0,1,"2014to2015"
1,28,229,0,NA,"ROCK","ROCKP15","Within","tran_1055",0,1,"2014to2015"
0,7,NA,0,NA,"ROCK","ROCKP15","Within","tran_1056",0,1,"2014to2015"
1,135,111,0,NA,"ROCK","ROCKP15","Within","tran_1051",0,1,"2014to2015"
1,18,192,0,NA,"ROCK","ROCKP15","Within","tran_1057",0,1,"2014to2015"
0,18,NA,0,NA,"ROCK","ROCKP15","Within","tran_1058",0,1,"2014to2015"
1,82,711,0,NA,"ROCK","ROCKP15","Within","tran_1052",0,1,"2014to2015"
1,114,457,0,NA,"ROCK","ROCKP15","Within","tran_1053",0,1,"2014to2015"
1,50,311,0,NA,"ROCK","ROCKP15","Within","tran_1054",0,1,"2014to2015"
1,20,41,0,NA,"THOMAS","THOMASP01","Beyond","tran_116",0,1,"2014to2015"
1,22,32,0,NA,"THOMAS","THOMASP01","Beyond","tran_114",0,1,"2014to2015"
1,24,46,1,2,"THOMAS","THOMASP01","Beyond","tran_119",0,1,"2014to2015"
1,90,8,1,9,"THOMAS","THOMASP01","Beyond","tran_120",0,1,"2014to2015"
1,17,7,0,NA,"THOMAS","THOMASP01","Beyond","tran_113",0,1,"2014to2015"
1,34,5,0,NA,"THOMAS","THOMASP02","Beyond","tran_106",0,1,"2014to2015"
1,41,154,0,NA,"THOMAS","THOMASP02","Beyond","tran_108",0,1,"2014to2015"
1,102,360,1,6,"THOMAS","THOMASP02","Beyond","tran_107",0,1,"2014to2015"
1,65,63,0,NA,"THOMAS","THOMASP02","Beyond","tran_104",0,1,"2014to2015"
1,15,14,0,NA,"THOMAS","THOMASP02","Beyond","tran_109",0,1,"2014to2015"
1,60,107,0,NA,"THOMAS","THOMASP02","Beyond","tran_102",0,1,"2014to2015"
0,14,NA,0,NA,"THOMAS","THOMASP02","Beyond","tran_110",0,1,"2014to2015"
0,39,NA,0,NA,"THOMAS","THOMASP02","Beyond","tran_101",0,1,"2014to2015"
1,3,6,0,NA,"THOMAS","THOMASP02","Beyond","tran_112",0,1,"2014to2015"
0,8,NA,0,NA,"THOMAS","THOMASP02","Beyond","tran_111",0,1,"2014to2015"
0,11,NA,0,NA,"THOMAS","THOMASP02","Beyond","tran_103",0,1,"2014to2015"
0,9,NA,0,NA,"THOMAS","THOMASP02","Beyond","tran_105",0,1,"2014to2015"
1,83,761,1,2,"THOMAS","THOMASP03","Beyond","tran_92",0,1,"2014to2015"
1,194,522,1,16,"THOMAS","THOMASP03","Beyond","tran_93",0,1,"2014to2015"
1,99,377,0,NA,"THOMAS","THOMASP03","Beyond","tran_91",0,1,"2014to2015"
1,58,1119,0,NA,"THOMAS","THOMASP03","Beyond","tran_97",0,1,"2014to2015"
0,44,NA,1,4,"THOMAS","THOMASP03","Beyond","tran_98",0,1,"2014to2015"
1,327,1478,1,59,"THOMAS","THOMASP03","Beyond","tran_95",0,1,"2014to2015"
1,225,113,1,25,"THOMAS","THOMASP03","Beyond","tran_94",0,1,"2014to2015"
1,88,393,1,3,"THOMAS","THOMASP03","Beyond","tran_89",0,1,"2014to2015"
1,55,546,1,6,"THOMAS","THOMASP03","Beyond","tran_100",0,1,"2014to2015"
1,76,406,1,13,"THOMAS","THOMASP03","Beyond","tran_96",0,1,"2014to2015"
1,82,582,1,5,"THOMAS","THOMASP03","Beyond","tran_99",0,1,"2014to2015"
1,141,578,1,7,"THOMAS","THOMASP03","Beyond","tran_90",0,1,"2014to2015"
1,18,181,0,NA,"THOMAS","THOMASP04","Beyond","tran_25",0,1,"2014to2015"
1,46,177,0,NA,"THOMAS","THOMASP04","Beyond","tran_24",0,1,"2014to2015"
0,1.5,NA,0,NA,"THOMAS","THOMASP04","Beyond","tran_28",0,1,"2014to2015"
1,92,1407,1,5,"THOMAS","THOMASP04","Beyond","tran_19",0,1,"2014to2015"
1,9,89,0,NA,"THOMAS","THOMASP04","Beyond","tran_27",0,1,"2014to2015"
1,63,504,1,1,"THOMAS","THOMASP04","Beyond","tran_22",0,1,"2014to2015"
1,55,612,0,NA,"THOMAS","THOMASP04","Beyond","tran_23",0,1,"2014to2015"
1,18,39,0,NA,"THOMAS","THOMASP04","Beyond","tran_21",0,1,"2014to2015"
1,53,92,1,4,"THOMAS","THOMASP04","Beyond","tran_20",0,1,"2014to2015"
1,9,72,0,NA,"THOMAS","THOMASP04","Beyond","tran_30",0,1,"2014to2015"
1,8,44,0,NA,"THOMAS","THOMASP04","Beyond","tran_29",0,1,"2014to2015"
1,130,616,0,NA,"THOMAS","THOMASP04","Beyond","tran_26",0,1,"2014to2015"
1,347,1524,1,28,"THOMAS","THOMASP05","Beyond","tran_52",0,1,"2014to2015"
1,335,1052,1,25,"THOMAS","THOMASP05","Beyond","tran_49",0,1,"2014to2015"
1,70,538,0,NA,"THOMAS","THOMASP05","Beyond","tran_51",0,1,"2014to2015"
1,118,2102,1,13,"THOMAS","THOMASP05","Beyond","tran_50",0,1,"2014to2015"
1,152,1411,1,12,"THOMAS","THOMASP05","Beyond","tran_53",0,1,"2014to2015"
1,50,40,1,2,"THOMAS","THOMASP06","Beyond","tran_12",0,1,"2014to2015"
1,11,22,0,NA,"THOMAS","THOMASP06","Beyond","tran_13",0,1,"2014to2015"
1,117,249,1,3,"THOMAS","THOMASP06","Beyond","tran_14",0,1,"2014to2015"
0,95,NA,0,NA,"THOMAS","THOMASP06","Beyond","tran_10",0,1,"2014to2015"
1,129,395,1,6,"THOMAS","THOMASP06","Beyond","tran_18",0,1,"2014to2015"
0,82,NA,1,6,"THOMAS","THOMASP06","Beyond","tran_11",0,1,"2014to2015"
1,151,325,1,5,"THOMAS","THOMASP06","Beyond","tran_16",0,1,"2014to2015"
1,50,883,0,NA,"THOMAS","THOMASP06","Beyond","tran_15",0,1,"2014to2015"
1,204,597,1,17,"THOMAS","THOMASP06","Beyond","tran_17",0,1,"2014to2015"
1,14,94,0,NA,"THOMAS","THOMASP07","Beyond","tran_1",0,1,"2014to2015"
1,52,67,0,NA,"THOMAS","THOMASP07","Beyond","tran_3",0,1,"2014to2015"
1,44,33,0,NA,"THOMAS","THOMASP07","Beyond","tran_2",0,1,"2014to2015"
1,32,32,0,NA,"THOMAS","THOMASP07","Beyond","tran_4",0,1,"2014to2015"
1,93,126,1,2,"THOMAS","THOMASP07","Beyond","tran_5",0,1,"2014to2015"
1,109,283,1,15,"THOMAS","THOMASP07","Beyond","tran_9",0,1,"2014to2015"
1,40,75,0,NA,"THOMAS","THOMASP07","Beyond","tran_6",0,1,"2014to2015"
1,32,89,0,NA,"THOMAS","THOMASP07","Beyond","tran_8",0,1,"2014to2015"
1,65,168,1,1,"THOMAS","THOMASP07","Beyond","tran_7",0,1,"2014to2015"
1,181,2770,1,6,"THOMAS","THOMASP08","Beyond","tran_41",0,1,"2014to2015"
1,116,1298,1,49,"THOMAS","THOMASP08","Beyond","tran_40",0,1,"2014to2015"
1,188,1442,1,37,"THOMAS","THOMASP08","Beyond","tran_34",0,1,"2014to2015"
1,118,834,1,16,"THOMAS","THOMASP08","Beyond","tran_38",0,1,"2014to2015"
1,18,376,0,NA,"THOMAS","THOMASP08","Beyond","tran_36",0,1,"2014to2015"
1,91,941,1,16,"THOMAS","THOMASP08","Beyond","tran_39",0,1,"2014to2015"
1,28,1699,1,5,"THOMAS","THOMASP08","Beyond","tran_37",0,1,"2014to2015"
0,11,NA,0,NA,"THOMAS","THOMASP08","Beyond","tran_35",0,1,"2014to2015"
0,3,NA,0,NA,"THOMAS","THOMASP08","Beyond","tran_31",0,1,"2014to2015"
1,82,48,0,NA,"THOMAS","THOMASP09","Beyond","tran_45",0,1,"2014to2015"
0,80,NA,1,12,"THOMAS","THOMASP09","Beyond","tran_47",0,1,"2014to2015"
0,74,NA,1,5,"THOMAS","THOMASP09","Beyond","tran_46",0,1,"2014to2015"
1,175,668,1,15,"THOMAS","THOMASP09","Beyond","tran_44",0,1,"2014to2015"
0,187,NA,1,12,"THOMAS","THOMASP09","Beyond","tran_48",0,1,"2014to2015"
0,263,NA,1,42,"THOMAS","THOMASP09","Beyond","tran_42",0,1,"2014to2015"
1,121,545,0,NA,"THOMAS","THOMASP09","Beyond","tran_43",0,1,"2014to2015"
0,11,NA,0,NA,"THOMAS","THOMASP10","Beyond","tran_80",0,1,"2014to2015"
0,94,NA,0,NA,"THOMAS","THOMASP10","Beyond","tran_83",0,1,"2014to2015"
0,126,NA,0,NA,"THOMAS","THOMASP10","Beyond","tran_85",0,1,"2014to2015"
0,69,NA,0,NA,"THOMAS","THOMASP10","Beyond","tran_84",0,1,"2014to2015"
0,3,NA,0,NA,"THOMAS","THOMASP10","Beyond","tran_79",0,1,"2014to2015"
0,66,NA,1,1,"THOMAS","THOMASP10","Beyond","tran_82",0,1,"2014to2015"
1,210,212,0,NA,"THOMAS","THOMASP10","Beyond","tran_87",0,1,"2014to2015"
0,9,NA,0,NA,"THOMAS","THOMASP10","Beyond","tran_88",0,1,"2014to2015"
1,19,46,0,NA,"THOMAS","THOMASP10","Beyond","tran_86",0,1,"2014to2015"
0,4,NA,0,NA,"THOMAS","THOMASP10","Beyond","tran_81",0,1,"2014to2015"
1,139,22,1,2,"THOMAS","THOMASP11","Beyond","tran_78",0,1,"2014to2015"
0,138,NA,1,5,"THOMAS","THOMASP11","Beyond","tran_73",0,1,"2014to2015"
1,130,275,1,2,"THOMAS","THOMASP11","Beyond","tran_74",0,1,"2014to2015"
0,29,NA,0,NA,"THOMAS","THOMASP11","Beyond","tran_71",0,1,"2014to2015"
0,16,NA,0,NA,"THOMAS","THOMASP11","Beyond","tran_70",0,1,"2014to2015"
0,17,NA,0,NA,"THOMAS","THOMASP11","Beyond","tran_76",0,1,"2014to2015"
0,61,NA,1,5,"THOMAS","THOMASP11","Beyond","tran_77",0,1,"2014to2015"
0,32,NA,0,NA,"THOMAS","THOMASP11","Beyond","tran_72",0,1,"2014to2015"
1,313,497,1,5,"THOMAS","THOMASP11","Beyond","tran_75",0,1,"2014to2015"
0,3,NA,0,NA,"THOMAS","THOMASP12","Beyond","tran_63",0,1,"2014to2015"
1,77,53,0,NA,"THOMAS","THOMASP12","Beyond","tran_65",0,1,"2014to2015"
1,8,52,0,NA,"THOMAS","THOMASP12","Beyond","tran_62",0,1,"2014to2015"
0,4,NA,0,NA,"THOMAS","THOMASP12","Beyond","tran_68",0,1,"2014to2015"
0,4,NA,0,NA,"THOMAS","THOMASP12","Beyond","tran_64",0,1,"2014to2015"
1,58,35,0,NA,"THOMAS","THOMASP12","Beyond","tran_69",0,1,"2014to2015"
0,2,NA,0,NA,"THOMAS","THOMASP12","Beyond","tran_67",0,1,"2014to2015"
1,20,97,0,NA,"THOMAS","THOMASP12","Beyond","tran_66",0,1,"2014to2015"
0,2,NA,0,NA,"THOMAS","THOMASP13","Beyond","tran_61",0,1,"2014to2015"
1,23,180,0,NA,"THOMAS","THOMASP13","Beyond","tran_59",0,1,"2014to2015"
1,118,477,0,NA,"THOMAS","THOMASP13","Beyond","tran_58",0,1,"2014to2015"
1,11,200,0,NA,"THOMAS","THOMASP13","Beyond","tran_60",0,1,"2014to2015"
1,9,28,0,NA,"THOMAS","THOMASP13","Beyond","tran_57",0,1,"2014to2015"
0,238,NA,1,17,"WILEY","WILEYP01","Beyond","tran_452",0,1,"2014to2015"
0,54,NA,1,5,"WILEY","WILEYP01","Beyond","tran_447",0,1,"2014to2015"
0,45,NA,1,2,"WILEY","WILEYP02","Beyond","tran_440",0,1,"2014to2015"
0,7,NA,0,NA,"WILEY","WILEYP02","Beyond","tran_434",0,1,"2014to2015"
0,5,NA,0,NA,"WILEY","WILEYP02","Beyond","tran_439",0,1,"2014to2015"
0,7,NA,0,NA,"WILEY","WILEYP02","Beyond","tran_431",0,1,"2014to2015"
0,28,NA,1,1,"WILEY","WILEYP02","Beyond","tran_438",0,1,"2014to2015"
0,4,NA,0,NA,"WILEY","WILEYP02","Beyond","tran_435",0,1,"2014to2015"
0,58,NA,1,4,"WILEY","WILEYP03","Beyond","tran_413",0,1,"2014to2015"
0,120,NA,1,16,"WILEY","WILEYP03","Beyond","tran_410",0,1,"2014to2015"
0,42,NA,0,NA,"WILEY","WILEYP04","Beyond","tran_407",0,1,"2014to2015"
0,90,NA,0,NA,"WILEY","WILEYP05","Beyond","tran_392",0,1,"2014to2015"
0,113,NA,1,1,"WILEY","WILEYP06","Beyond","tran_358",0,1,"2014to2015"
1,145,651,1,41,"WILEY","WILEYP06","Beyond","tran_365",0,1,"2014to2015"
1,161,399,1,20,"WILEY","WILEYP06","Beyond","tran_360",0,1,"2014to2015"
0,14,NA,0,NA,"WILEY","WILEYP06","Beyond","tran_363",0,1,"2014to2015"
1,102,305,1,2,"WILEY","WILEYP06","Beyond","tran_359",0,1,"2014to2015"
1,268,895,1,22,"WILEY","WILEYP06","Beyond","tran_364",0,1,"2014to2015"
0,17,NA,0,NA,"WILEY","WILEYP09","Beyond","tran_342",0,1,"2014to2015"
0,16,NA,0,NA,"WILEY","WILEYP09","Beyond","tran_336",0,1,"2014to2015"
1,125,41,1,4,"WILEY","WILEYP10","Beyond","tran_333",0,1,"2014to2015"
1,153,1485,1,23,"WILEY","WILEYP10","Beyond","tran_330",0,1,"2014to2015"
NA,254,NA,1,35,"CALAPOOIA","CALAPOOIAP04","Beyond","tran_510",0,1,"2015to2016"
NA,669,NA,1,60,"CALAPOOIA","CALAPOOIAP04","Beyond","tran_512",0,1,"2015to2016"
NA,80,NA,1,6,"CALAPOOIA","CALAPOOIAP04","Beyond","tran_513",0,1,"2015to2016"
NA,65,NA,1,9,"CALAPOOIA","CALAPOOIAP04","Beyond","tran_508",0,1,"2015to2016"
NA,756,NA,1,40,"CALAPOOIA","CALAPOOIAP04","Beyond","tran_511",0,1,"2015to2016"
NA,228,NA,1,42,"CALAPOOIA","CALAPOOIAP04","Beyond","tran_506",0,1,"2015to2016"
NA,610,NA,1,49,"CALAPOOIA","CALAPOOIAP04","Beyond","tran_507",0,1,"2015to2016"
NA,41,NA,0,NA,"CALAPOOIA","CALAPOOIAP07","Beyond","tran_478",0,1,"2015to2016"
NA,7,NA,0,NA,"CALAPOOIA","CALAPOOIAP07","Beyond","tran_484",0,1,"2015to2016"
NA,3,NA,0,NA,"CALAPOOIA","CALAPOOIAP07","Beyond","tran_476",0,1,"2015to2016"
NA,100,NA,0,NA,"CALAPOOIA","CALAPOOIAP07","Beyond","tran_479",0,1,"2015to2016"
NA,34,NA,0,NA,"CALAPOOIA","CALAPOOIAP07","Beyond","tran_482",0,1,"2015to2016"
NA,278,NA,1,34,"CALAPOOIA","CALAPOOIAP08","Beyond","tran_469",0,1,"2015to2016"
NA,21,NA,0,NA,"CALAPOOIA","CALAPOOIAP08","Beyond","tran_474",0,1,"2015to2016"
NA,475,NA,1,36,"CALAPOOIA","CALAPOOIAP09","Beyond","tran_459",0,1,"2015to2016"
NA,62,NA,0,NA,"CALAPOOIA","CALAPOOIAP09","Beyond","tran_456",0,1,"2015to2016"
NA,57,NA,0,NA,"CALAPOOIA","CALAPOOIAP09","Beyond","tran_462",0,1,"2015to2016"
NA,47,NA,0,NA,"CALAPOOIA","CALAPOOIAP09","Beyond","tran_453",0,1,"2015to2016"
NA,62,NA,0,NA,"CALAPOOIA","CALAPOOIAP09","Beyond","tran_461",0,1,"2015to2016"
NA,80,NA,1,2,"CALAPOOIA","CALAPOOIAP09","Beyond","tran_454",0,1,"2015to2016"
NA,123,NA,0,NA,"CALAPOOIA","CALAPOOIAP10","Beyond","tran_529",0,1,"2015to2016"
NA,61,NA,NA,NA,"CALAPOOIA","CALAPOOIAP10","Beyond","tran_531",0,1,"2015to2016"
NA,27,NA,0,NA,"CALAPOOIA","CALAPOOIAP10","Beyond","tran_528",0,1,"2015to2016"
NA,43,NA,0,NA,"CALAPOOIA","CALAPOOIAP10","Beyond","tran_532",0,1,"2015to2016"
NA,16,NA,0,NA,"CALAPOOIA","CALAPOOIAP10","Beyond","tran_530",0,1,"2015to2016"
NA,51,NA,0,NA,"COAST","COASTP06","Within","tran_561",0,1,"2015to2016"
NA,22,NA,0,NA,"COAST","COASTP06","Within","tran_558",0,1,"2015to2016"
NA,133,NA,1,5,"COAST","COASTP06","Within","tran_555",0,1,"2015to2016"
NA,69,NA,0,NA,"COAST","COASTP06","Within","tran_560",0,1,"2015to2016"
NA,10,NA,0,NA,"COAST","COASTP06","Within","tran_559",0,1,"2015to2016"
NA,90,NA,0,NA,"COAST","COASTP06","Within","tran_565",0,1,"2015to2016"
NA,300,NA,0,NA,"COAST","COASTP06","Within","tran_563",0,1,"2015to2016"
NA,44,NA,0,NA,"COAST","COASTP06","Within","tran_564",0,1,"2015to2016"
NA,305,NA,1,9,"COAST","COASTP07","Within","tran_608",0,1,"2015to2016"
NA,100,NA,0,NA,"COAST","COASTP07","Within","tran_602",0,1,"2015to2016"
NA,67,NA,1,4,"COAST","COASTP07","Within","tran_607",0,1,"2015to2016"
NA,38,NA,0,NA,"COAST","COASTP07","Within","tran_604",0,1,"2015to2016"
NA,66,NA,0,NA,"COAST","COASTP07","Within","tran_599",0,1,"2015to2016"
NA,53,NA,0,NA,"COAST","COASTP07","Within","tran_605",0,1,"2015to2016"
NA,296,NA,0,NA,"COAST","COASTP07","Within","tran_601",0,1,"2015to2016"
NA,1979,NA,1,130,"COAST","COASTP08","Within","tran_673",0,1,"2015to2016"
NA,426,NA,1,10,"COAST","COASTP08","Within","tran_671",0,1,"2015to2016"
NA,297,NA,1,18,"COAST","COASTP08","Within","tran_667",0,1,"2015to2016"
NA,261,NA,1,6,"COAST","COASTP08","Within","tran_669",0,1,"2015to2016"
NA,149,NA,0,NA,"COAST","COASTP08","Within","tran_668",0,1,"2015to2016"
NA,532,NA,1,22,"COAST","COASTP08","Within","tran_674",0,1,"2015to2016"
NA,244,NA,1,62,"COAST","COASTP08","Within","tran_675",0,1,"2015to2016"
NA,643,NA,1,95,"COAST","COASTP08","Within","tran_676",0,1,"2015to2016"
NA,189,NA,0,NA,"COAST","COASTP08","Within","tran_672",0,1,"2015to2016"
NA,1256,NA,1,88,"COAST","COASTP09","Within","tran_642",0,1,"2015to2016"
NA,1103,NA,1,78,"COAST","COASTP09","Within","tran_639",0,1,"2015to2016"
NA,330,NA,1,41,"COAST","COASTP09","Within","tran_641",0,1,"2015to2016"
NA,942,NA,1,198,"COAST","COASTP09","Within","tran_638",0,1,"2015to2016"
NA,893,NA,1,36,"COAST","COASTP09","Within","tran_645",0,1,"2015to2016"
NA,1375,NA,1,65,"COAST","COASTP09","Within","tran_644",0,1,"2015to2016"
NA,72,NA,0,NA,"COAST","COASTP09","Within","tran_643",0,1,"2015to2016"
NA,891,NA,1,90,"COAST","COASTP09","Within","tran_648",0,1,"2015to2016"
NA,1097,NA,1,64,"COAST","COASTP09","Within","tran_647",0,1,"2015to2016"
NA,153,NA,0,NA,"COAST","COASTP10","Within","tran_666",0,1,"2015to2016"
NA,104,NA,1,2,"COAST","COASTP10","Within","tran_663",0,1,"2015to2016"
NA,117,NA,1,4,"COAST","COASTP10","Within","tran_661",0,1,"2015to2016"
NA,800,NA,1,100,"COAST","COASTP10","Within","tran_659",0,1,"2015to2016"
NA,510,NA,1,7,"COAST","COASTP10","Within","tran_665",0,1,"2015to2016"
NA,59,NA,0,NA,"COAST","COASTP10","Within","tran_656",0,1,"2015to2016"
NA,751,NA,1,54,"COAST","COASTP10","Within","tran_664",0,1,"2015to2016"
NA,32,NA,0,NA,"COAST","COASTP11","Within","tran_609",0,1,"2015to2016"
NA,217,NA,1,4,"COAST","COASTP13","Within","tran_650",0,1,"2015to2016"
NA,10,NA,0,NA,"COAST","COASTP13","Within","tran_652",0,1,"2015to2016"
NA,23,NA,0,NA,"COAST","COASTP14","Within","tran_628",0,1,"2015to2016"
NA,31,NA,0,NA,"COAST","COASTP15","Within","tran_678",0,1,"2015to2016"
NA,101,NA,0,NA,"COAST","COASTP15","Within","tran_682",0,1,"2015to2016"
NA,111,NA,0,NA,"COAST","COASTP15","Within","tran_680",0,1,"2015to2016"
NA,613,NA,0,NA,"COAST","COASTP15","Within","tran_681",0,1,"2015to2016"
NA,154,NA,1,5,"HUNTER","HUNTERP02","Beyond","tran_244",0,1,"2015to2016"
NA,132,NA,1,3,"HUNTER","HUNTERP02","Beyond","tran_248",0,1,"2015to2016"
NA,6,NA,0,NA,"HUNTER","HUNTERP02","Beyond","tran_252",0,1,"2015to2016"
NA,8,NA,0,NA,"HUNTER","HUNTERP03","Beyond","tran_256",0,1,"2015to2016"
NA,3,NA,0,NA,"HUNTER","HUNTERP03","Beyond","tran_260",0,1,"2015to2016"
NA,4,NA,0,NA,"HUNTER","HUNTERP04","Beyond","tran_240",0,1,"2015to2016"
NA,274,NA,1,8,"HUNTER","HUNTERP04","Beyond","tran_234",0,1,"2015to2016"
NA,79,NA,1,3,"HUNTER","HUNTERP04","Beyond","tran_233",0,1,"2015to2016"
NA,13,NA,0,NA,"HUNTER","HUNTERP04","Beyond","tran_230",0,1,"2015to2016"
NA,27,NA,0,NA,"HUNTER","HUNTERP04","Beyond","tran_232",0,1,"2015to2016"
NA,7,NA,0,NA,"HUNTER","HUNTERP05","Beyond","tran_186",0,1,"2015to2016"
NA,532,NA,1,70,"HUNTER","HUNTERP12","Beyond","tran_129",0,1,"2015to2016"
NA,8,NA,0,NA,"HUNTER","HUNTERP13","Beyond","tran_193",0,1,"2015to2016"
NA,9,NA,0,NA,"HUNTER","HUNTERP13","Beyond","tran_194",0,1,"2015to2016"
NA,6,NA,0,NA,"HUNTER","HUNTERP13","Beyond","tran_205",0,1,"2015to2016"
NA,4,NA,0,NA,"HUNTER","HUNTERP13","Beyond","tran_206",0,1,"2015to2016"
NA,24,NA,0,NA,"LOOK","LOOKP04","Within","tran_919",0,1,"2015to2016"
NA,6,NA,0,NA,"LOOK","LOOKP04","Within","tran_916",0,1,"2015to2016"
NA,9,NA,0,NA,"LOOK","LOOKP06","Within","tran_886",0,1,"2015to2016"
NA,41,NA,0,NA,"LOOK","LOOKP06","Within","tran_887",0,1,"2015to2016"
NA,15,NA,0,NA,"LOOK","LOOKP08","Within","tran_862",0,1,"2015to2016"
NA,103,NA,1,2,"LOOK","LOOKP08","Within","tran_863",0,1,"2015to2016"
NA,252,NA,1,6,"LOOK","LOOKP08","Within","tran_864",0,1,"2015to2016"
NA,170,NA,1,3,"LOOK","LOOKP10","Within","tran_851",0,1,"2015to2016"
NA,45,NA,0,NA,"LOOK","LOOKP10","Within","tran_858",0,1,"2015to2016"
NA,115,NA,0,NA,"LOOK","LOOKP10","Within","tran_857",0,1,"2015to2016"
NA,48,NA,1,2,"LOOK","LOOKP10","Within","tran_855",0,1,"2015to2016"
NA,68,NA,1,4,"LOOK","LOOKP10","Within","tran_860",0,1,"2015to2016"
NA,49,NA,0,NA,"LOOK","LOOKP10","Within","tran_861",0,1,"2015to2016"
NA,62,NA,0,NA,"LOOK","LOOKP10","Within","tran_850",0,1,"2015to2016"
NA,187,NA,1,15,"LOOK","LOOKP10","Within","tran_856",0,1,"2015to2016"
NA,132,NA,0,NA,"LOOK","LOOKP10","Within","tran_859",0,1,"2015to2016"
NA,330,NA,1,13,"MOSBY","MOSBYP02","Within","tran_820",0,1,"2015to2016"
NA,7,NA,0,NA,"MOSBY","MOSBYP03","Within","tran_811",0,1,"2015to2016"
NA,56,NA,1,3,"MOSBY","MOSBYP05","Within","tran_796",0,1,"2015to2016"
NA,45,NA,0,NA,"MOSBY","MOSBYP05","Within","tran_791",0,1,"2015to2016"
NA,139,NA,0,NA,"MOSBY","MOSBYP05","Within","tran_792",0,1,"2015to2016"
NA,41,NA,0,NA,"MOSBY","MOSBYP06","Within","tran_689",0,1,"2015to2016"
NA,22,NA,0,NA,"MOSBY","MOSBYP06","Within","tran_693",0,1,"2015to2016"
NA,83,NA,1,19,"MOSBY","MOSBYP06","Within","tran_694",0,1,"2015to2016"
NA,475,NA,1,42,"MOSBY","MOSBYP06","Within","tran_687",0,1,"2015to2016"
NA,352,NA,1,12,"MOSBY","MOSBYP07","Within","tran_700",0,1,"2015to2016"
NA,46,NA,1,4,"MOSBY","MOSBYP10","Within","tran_718",0,1,"2015to2016"
NA,74,NA,0,NA,"MOSBY","MOSBYP11","Within","tran_779",0,1,"2015to2016"
NA,21,NA,0,NA,"MOSBY","MOSBYP11","Within","tran_773",0,1,"2015to2016"
NA,49,NA,0,NA,"MOSBY","MOSBYP11","Within","tran_777",0,1,"2015to2016"
NA,10,NA,0,NA,"MOSBY","MOSBYP13","Within","tran_758",0,1,"2015to2016"
NA,133,NA,1,2,"MOSBY","MOSBYP13","Within","tran_761",0,1,"2015to2016"
NA,153,NA,1,3,"MOSBY","MOSBYP13","Within","tran_760",0,1,"2015to2016"
NA,71,NA,1,4,"MOSBY","MOSBYP13","Within","tran_755",0,1,"2015to2016"
NA,103,NA,1,7,"MOSBY","MOSBYP13","Within","tran_759",0,1,"2015to2016"
NA,38,NA,0,NA,"MOSBY","MOSBYP14","Within","tran_744",0,1,"2015to2016"
NA,93,NA,0,NA,"MOSBY","MOSBYP14","Within","tran_747",0,1,"2015to2016"
NA,24,NA,0,NA,"MOSBY","MOSBYP14","Within","tran_743",0,1,"2015to2016"
NA,237,NA,0,NA,"MOSBY","MOSBYP14","Within","tran_746",0,1,"2015to2016"
NA,22,NA,0,NA,"ROCK","ROCKP01","Within","tran_980",0,1,"2015to2016"
NA,136,NA,1,11,"ROCK","ROCKP01","Within","tran_981",0,1,"2015to2016"
NA,17,NA,0,NA,"ROCK","ROCKP02","Within","tran_966",0,1,"2015to2016"
NA,40,NA,0,NA,"ROCK","ROCKP02","Within","tran_968",0,1,"2015to2016"
NA,18,NA,0,NA,"ROCK","ROCKP02","Within","tran_973",0,1,"2015to2016"
NA,12,NA,0,NA,"ROCK","ROCKP02","Within","tran_967",0,1,"2015to2016"
NA,32,NA,1,3,"ROCK","ROCKP03","Within","tran_991",0,1,"2015to2016"
NA,166,NA,1,24,"ROCK","ROCKP03","Within","tran_994",0,1,"2015to2016"
NA,30,NA,0,NA,"ROCK","ROCKP04","Within","tran_960",0,1,"2015to2016"
NA,16,NA,0,NA,"ROCK","ROCKP04","Within","tran_962",0,1,"2015to2016"
NA,16,NA,0,NA,"ROCK","ROCKP04","Within","tran_956",0,1,"2015to2016"
NA,34,NA,0,NA,"ROCK","ROCKP04","Within","tran_961",0,1,"2015to2016"
NA,25,NA,0,NA,"ROCK","ROCKP04","Within","tran_953",0,1,"2015to2016"
NA,12,NA,NA,NA,"ROCK","ROCKP04","Within","tran_958",0,1,"2015to2016"
NA,21,NA,0,NA,"ROCK","ROCKP04","Within","tran_957",0,1,"2015to2016"
NA,23,NA,0,NA,"ROCK","ROCKP07","Within","tran_1010",0,1,"2015to2016"
NA,36,NA,0,NA,"ROCK","ROCKP07","Within","tran_1012",0,1,"2015to2016"
NA,36,NA,0,NA,"ROCK","ROCKP08","Within","tran_1102",0,1,"2015to2016"
NA,52,NA,0,NA,"ROCK","ROCKP09","Within","tran_1038",0,1,"2015to2016"
NA,18,NA,0,NA,"ROCK","ROCKP09","Within","tran_1036",0,1,"2015to2016"
NA,39,NA,1,1,"ROCK","ROCKP10","Within","tran_1041",0,1,"2015to2016"
NA,388,NA,1,97,"ROCK","ROCKP11","Within","tran_1096",0,1,"2015to2016"
NA,585,NA,1,81,"ROCK","ROCKP11","Within","tran_1092",0,1,"2015to2016"
NA,80,NA,0,NA,"ROCK","ROCKP13","Within","tran_1079",0,1,"2015to2016"
NA,153,NA,0,NA,"ROCK","ROCKP13","Within","tran_1072",0,1,"2015to2016"
NA,35,NA,0,NA,"ROCK","ROCKP13","Within","tran_1076",0,1,"2015to2016"
NA,242,NA,0,NA,"ROCK","ROCKP13","Within","tran_1074",0,1,"2015to2016"
NA,675,NA,1,5,"ROCK","ROCKP13","Within","tran_1078",0,1,"2015to2016"
NA,124,NA,1,1,"ROCK","ROCKP14","Within","tran_1064",0,1,"2015to2016"
NA,129,NA,0,NA,"ROCK","ROCKP14","Within","tran_1063",0,1,"2015to2016"
NA,18,NA,0,NA,"ROCK","ROCKP14","Within","tran_1066",0,1,"2015to2016"
NA,229,NA,1,17,"ROCK","ROCKP15","Within","tran_1055",0,1,"2015to2016"
NA,111,NA,1,1,"ROCK","ROCKP15","Within","tran_1051",0,1,"2015to2016"
NA,192,NA,1,15,"ROCK","ROCKP15","Within","tran_1057",0,1,"2015to2016"
NA,711,NA,1,46,"ROCK","ROCKP15","Within","tran_1052",0,1,"2015to2016"
NA,457,NA,1,12,"ROCK","ROCKP15","Within","tran_1053",0,1,"2015to2016"
NA,311,NA,1,12,"ROCK","ROCKP15","Within","tran_1054",0,1,"2015to2016"
NA,41,NA,0,NA,"THOMAS","THOMASP01","Beyond","tran_116",0,1,"2015to2016"
NA,32,NA,0,NA,"THOMAS","THOMASP01","Beyond","tran_114",0,1,"2015to2016"
NA,46,NA,0,NA,"THOMAS","THOMASP01","Beyond","tran_119",0,1,"2015to2016"
NA,8,NA,0,NA,"THOMAS","THOMASP01","Beyond","tran_120",0,1,"2015to2016"
NA,7,NA,0,NA,"THOMAS","THOMASP01","Beyond","tran_113",0,1,"2015to2016"
NA,5,NA,0,NA,"THOMAS","THOMASP02","Beyond","tran_106",0,1,"2015to2016"
NA,154,NA,1,2,"THOMAS","THOMASP02","Beyond","tran_108",0,1,"2015to2016"
NA,360,NA,1,3,"THOMAS","THOMASP02","Beyond","tran_107",0,1,"2015to2016"
NA,63,NA,0,NA,"THOMAS","THOMASP02","Beyond","tran_104",0,1,"2015to2016"
NA,14,NA,0,NA,"THOMAS","THOMASP02","Beyond","tran_109",0,1,"2015to2016"
NA,107,NA,0,NA,"THOMAS","THOMASP02","Beyond","tran_102",0,1,"2015to2016"
NA,6,NA,0,NA,"THOMAS","THOMASP02","Beyond","tran_112",0,1,"2015to2016"
NA,761,NA,1,125,"THOMAS","THOMASP03","Beyond","tran_92",0,1,"2015to2016"
NA,522,NA,1,89,"THOMAS","THOMASP03","Beyond","tran_93",0,1,"2015to2016"
NA,377,NA,1,58,"THOMAS","THOMASP03","Beyond","tran_91",0,1,"2015to2016"
NA,1119,NA,1,49,"THOMAS","THOMASP03","Beyond","tran_97",0,1,"2015to2016"
NA,1478,NA,1,156,"THOMAS","THOMASP03","Beyond","tran_95",0,1,"2015to2016"
NA,113,NA,1,29,"THOMAS","THOMASP03","Beyond","tran_94",0,1,"2015to2016"
NA,393,NA,1,88,"THOMAS","THOMASP03","Beyond","tran_89",0,1,"2015to2016"
NA,546,NA,1,60,"THOMAS","THOMASP03","Beyond","tran_100",0,1,"2015to2016"
NA,406,NA,1,41,"THOMAS","THOMASP03","Beyond","tran_96",0,1,"2015to2016"
NA,582,NA,1,95,"THOMAS","THOMASP03","Beyond","tran_99",0,1,"2015to2016"
NA,578,NA,1,112,"THOMAS","THOMASP03","Beyond","tran_90",0,1,"2015to2016"
NA,181,NA,1,20,"THOMAS","THOMASP04","Beyond","tran_25",0,1,"2015to2016"
NA,177,NA,1,26,"THOMAS","THOMASP04","Beyond","tran_24",0,1,"2015to2016"
NA,1407,NA,1,174,"THOMAS","THOMASP04","Beyond","tran_19",0,1,"2015to2016"
NA,89,NA,0,NA,"THOMAS","THOMASP04","Beyond","tran_27",0,1,"2015to2016"
NA,504,NA,1,75,"THOMAS","THOMASP04","Beyond","tran_22",0,1,"2015to2016"
NA,612,NA,1,83,"THOMAS","THOMASP04","Beyond","tran_23",0,1,"2015to2016"
NA,39,NA,1,39,"THOMAS","THOMASP04","Beyond","tran_21",0,1,"2015to2016"
NA,92,NA,1,66,"THOMAS","THOMASP04","Beyond","tran_20",0,1,"2015to2016"
NA,72,NA,0,NA,"THOMAS","THOMASP04","Beyond","tran_30",0,1,"2015to2016"
NA,44,NA,1,4,"THOMAS","THOMASP04","Beyond","tran_29",0,1,"2015to2016"
NA,616,NA,1,67,"THOMAS","THOMASP04","Beyond","tran_26",0,1,"2015to2016"
NA,1524,NA,1,218,"THOMAS","THOMASP05","Beyond","tran_52",0,1,"2015to2016"
NA,1052,NA,1,159,"THOMAS","THOMASP05","Beyond","tran_49",0,1,"2015to2016"
NA,538,NA,1,107,"THOMAS","THOMASP05","Beyond","tran_51",0,1,"2015to2016"
NA,2102,NA,1,189,"THOMAS","THOMASP05","Beyond","tran_50",0,1,"2015to2016"
NA,1411,NA,1,110,"THOMAS","THOMASP05","Beyond","tran_53",0,1,"2015to2016"
NA,40,NA,0,NA,"THOMAS","THOMASP06","Beyond","tran_12",0,1,"2015to2016"
NA,22,NA,0,NA,"THOMAS","THOMASP06","Beyond","tran_13",0,1,"2015to2016"
NA,249,NA,1,6,"THOMAS","THOMASP06","Beyond","tran_14",0,1,"2015to2016"
NA,395,NA,1,21,"THOMAS","THOMASP06","Beyond","tran_18",0,1,"2015to2016"
NA,325,NA,1,6,"THOMAS","THOMASP06","Beyond","tran_16",0,1,"2015to2016"
NA,883,NA,1,69,"THOMAS","THOMASP06","Beyond","tran_15",0,1,"2015to2016"
NA,597,NA,1,47,"THOMAS","THOMASP06","Beyond","tran_17",0,1,"2015to2016"
NA,94,NA,0,NA,"THOMAS","THOMASP07","Beyond","tran_1",0,1,"2015to2016"
NA,67,NA,0,NA,"THOMAS","THOMASP07","Beyond","tran_3",0,1,"2015to2016"
NA,33,NA,0,NA,"THOMAS","THOMASP07","Beyond","tran_2",0,1,"2015to2016"
NA,32,NA,1,1,"THOMAS","THOMASP07","Beyond","tran_4",0,1,"2015to2016"
NA,126,NA,1,3,"THOMAS","THOMASP07","Beyond","tran_5",0,1,"2015to2016"
NA,283,NA,1,43,"THOMAS","THOMASP07","Beyond","tran_9",0,1,"2015to2016"
NA,75,NA,1,3,"THOMAS","THOMASP07","Beyond","tran_6",0,1,"2015to2016"
NA,89,NA,1,11,"THOMAS","THOMASP07","Beyond","tran_8",0,1,"2015to2016"
NA,168,NA,1,10,"THOMAS","THOMASP07","Beyond","tran_7",0,1,"2015to2016"
NA,2770,NA,1,243,"THOMAS","THOMASP08","Beyond","tran_41",0,1,"2015to2016"
NA,1298,NA,1,158,"THOMAS","THOMASP08","Beyond","tran_40",0,1,"2015to2016"
NA,1442,NA,1,271,"THOMAS","THOMASP08","Beyond","tran_34",0,1,"2015to2016"
NA,834,NA,1,113,"THOMAS","THOMASP08","Beyond","tran_38",0,1,"2015to2016"
NA,376,NA,1,56,"THOMAS","THOMASP08","Beyond","tran_36",0,1,"2015to2016"
NA,941,NA,1,159,"THOMAS","THOMASP08","Beyond","tran_39",0,1,"2015to2016"
NA,1699,NA,1,175,"THOMAS","THOMASP08","Beyond","tran_37",0,1,"2015to2016"
NA,48,NA,1,6,"THOMAS","THOMASP09","Beyond","tran_45",0,1,"2015to2016"
NA,668,NA,1,129,"THOMAS","THOMASP09","Beyond","tran_44",0,1,"2015to2016"
NA,545,NA,1,65,"THOMAS","THOMASP09","Beyond","tran_43",0,1,"2015to2016"
NA,212,NA,1,4,"THOMAS","THOMASP10","Beyond","tran_87",0,1,"2015to2016"
NA,46,NA,1,2,"THOMAS","THOMASP10","Beyond","tran_86",0,1,"2015to2016"
NA,22,NA,0,NA,"THOMAS","THOMASP11","Beyond","tran_78",0,1,"2015to2016"
NA,275,NA,1,26,"THOMAS","THOMASP11","Beyond","tran_74",0,1,"2015to2016"
NA,497,NA,1,37,"THOMAS","THOMASP11","Beyond","tran_75",0,1,"2015to2016"
NA,53,NA,1,2,"THOMAS","THOMASP12","Beyond","tran_65",0,1,"2015to2016"
NA,52,NA,0,NA,"THOMAS","THOMASP12","Beyond","tran_62",0,1,"2015to2016"
NA,35,NA,1,2,"THOMAS","THOMASP12","Beyond","tran_69",0,1,"2015to2016"
NA,97,NA,1,20,"THOMAS","THOMASP12","Beyond","tran_66",0,1,"2015to2016"
NA,180,NA,1,22,"THOMAS","THOMASP13","Beyond","tran_59",0,1,"2015to2016"
NA,477,NA,1,31,"THOMAS","THOMASP13","Beyond","tran_58",0,1,"2015to2016"
NA,200,NA,1,9,"THOMAS","THOMASP13","Beyond","tran_60",0,1,"2015to2016"
NA,28,NA,0,NA,"THOMAS","THOMASP13","Beyond","tran_57",0,1,"2015to2016"
NA,651,NA,1,87,"WILEY","WILEYP06","Beyond","tran_365",0,1,"2015to2016"
NA,399,NA,1,42,"WILEY","WILEYP06","Beyond","tran_360",0,1,"2015to2016"
NA,305,NA,1,5,"WILEY","WILEYP06","Beyond","tran_359",0,1,"2015to2016"
NA,895,NA,1,103,"WILEY","WILEYP06","Beyond","tran_364",0,1,"2015to2016"
NA,41,NA,1,1,"WILEY","WILEYP10","Beyond","tran_333",0,1,"2015to2016"
NA,1485,NA,1,400,"WILEY","WILEYP10","Beyond","tran_330",0,1,"2015to2016"
